Country,1/22/20,1/23/20,1/24/20,1/25/20,1/26/20,1/27/20,1/28/20,1/29/20,1/30/20,1/31/20,2/1/20,2/2/20,2/3/20,2/4/20,2/5/20,2/6/20,2/7/20,2/8/20,2/9/20,2/10/20,2/11/20,2/12/20,2/13/20,2/14/20,2/15/20,2/16/20,2/17/20,2/18/20,2/19/20,2/20/20,2/21/20,2/22/20,2/23/20,2/24/20,2/25/20,2/26/20,2/27/20,2/28/20,2/29/20,3/1/20,3/2/20,3/3/20,3/4/20,3/5/20,3/6/20,3/7/20,3/8/20,3/9/20,3/10/20,3/11/20,3/12/20,3/13/20,3/14/20,3/15/20,3/16/20,3/17/20,3/18/20,3/19/20,3/20/20,3/21/20,3/22/20,3/23/20,3/24/20,3/25/20,3/26/20,3/27/20,3/28/20,3/29/20,3/30/20,3/31/20,4/1/20,4/2/20,4/3/20,4/4/20,4/5/20,4/6/20,4/7/20,4/8/20,4/9/20,4/10/20,4/11/20,4/12/20,4/13/20,4/14/20,4/15/20,4/16/20,4/17/20,4/18/20
Afghanistan,0,0,0,0,0,0,0,0,0,0,0,0,0,0,0,0,0,0,0,0,0,0,0,0,0,0,0,0,0,0,0,0,0,1,1,1,1,1,1,1,1,1,1,1,1,1,4,4,5,7,7,7,11,16,20,21,21,21,23,23,38,38,72,80,88,104,104,114,164,165,228,257,265,282,327,338,391,401,437,474,505,557,612,651,716,756,777,791
Albania,0,0,0,0,0,0,0,0,0,0,0,0,0,0,0,0,0,0,0,0,0,0,0,0,0,0,0,0,0,0,0,0,0,0,0,0,0,0,0,0,0,0,0,0,0,0,0,2,10,11,22,32,37,41,50,54,57,62,68,72,85,98,108,124,151,147,156,169,168,176,177,185,198,214,237,240,230,224,221,211,213,206,212,203,218,215,230,220
Algeria,0,0,0,0,0,0,0,0,0,0,0,0,0,0,0,0,0,0,0,0,0,0,0,0,0,0,0,0,0,0,0,0,0,0,1,1,1,1,1,1,3,5,12,12,17,17,19,20,20,20,15,16,22,32,38,44,55,46,47,92,119,148,221,216,313,354,394,449,512,626,728,839,1004,1031,1078,1160,1162,1130,1084,1100,1090,1030,1069,1053,1116,1137,1208,1273
Andorra,0,0,0,0,0,0,0,0,0,0,0,0,0,0,0,0,0,0,0,0,0,0,0,0,0,0,0,0,0,0,0,0,0,0,0,0,0,0,0,0,1,1,1,1,1,1,1,1,1,1,0,1,0,0,1,38,38,52,74,87,111,131,162,186,220,263,304,327,352,354,366,403,407,428,457,473,484,489,500,504,504,481,489,500,471,471,470,464
Angola,0,0,0,0,0,0,0,0,0,0,0,0,0,0,0,0,0,0,0,0,0,0,0,0,0,0,0,0,0,0,0,0,0,0,0,0,0,0,0,0,0,0,0,0,0,0,0,0,0,0,0,0,0,0,0,0,0,0,1,2,2,3,3,3,4,4,5,5,5,4,5,5,5,6,10,12,13,15,15,15,13,13,13,12,12,12,12,16
Antigua and Barbuda,0,0,0,0,0,0,0,0,0,0,0,0,0,0,0,0,0,0,0,0,0,0,0,0,0,0,0,0,0,0,0,0,0,0,0,0,0,0,0,0,0,0,0,0,0,0,0,0,0,0,0,1,1,1,1,1,1,1,1,1,1,3,3,3,7,7,7,7,7,7,7,9,15,15,15,15,18,17,17,17,19,19,21,18,18,17,17,17
Argentina,0,0,0,0,0,0,0,0,0,0,0,0,0,0,0,0,0,0,0,0,0,0,0,0,0,0,0,0,0,0,0,0,0,0,0,0,0,0,0,0,0,1,1,1,2,8,11,11,16,18,18,29,31,42,53,63,74,91,122,151,259,294,329,327,430,504,600,654,569,787,778,841,960,1129,1127,1181,1234,1294,1358,1518,1452,1584,1596,1616,1736,1825,1880,1944
Armenia,0,0,0,0,0,0,0,0,0,0,0,0,0,0,0,0,0,0,0,0,0,0,0,0,0,0,0,0,0,0,0,0,0,0,0,0,0,0,0,1,1,1,1,1,1,1,1,1,1,1,4,8,18,26,52,77,83,114,135,159,192,233,235,249,271,300,376,391,449,499,536,623,686,720,758,763,758,758,773,776,781,803,814,786,797,783,780,705
Australia,0,0,0,0,4,5,5,6,7,7,10,10,10,11,11,12,13,13,13,13,13,13,7,7,7,7,5,5,5,5,4,4,4,4,4,4,4,4,14,15,18,27,39,32,37,40,52,67,83,104,104,174,224,271,351,424,539,649,758,1038,1454,1587,1921,2237,2625,2936,3382,3724,4087,4183,4420,4572,4653,4819,4895,4677,4770,4880,4585,4368,4440,4449,4484,4167,4191,4044,2648,2356
Austria,0,0,0,0,0,0,0,0,0,0,0,0,0,0,0,0,0,0,0,0,0,0,0,0,0,0,0,0,0,0,0,0,0,0,2,2,3,3,9,14,18,21,29,41,55,79,104,129,178,242,297,497,648,853,1009,1328,1633,1998,2373,2797,3557,4444,5246,5549,6748,7374,7978,8223,8874,8957,9129,9222,9334,9088,8849,8614,8350,8157,7709,7172,6865,6608,6330,6209,5845,5080,4460,4014
Azerbaijan,0,0,0,0,0,0,0,0,0,0,0,0,0,0,0,0,0,0,0,0,0,0,0,0,0,0,0,0,0,0,0,0,0,0,0,0,0,0,0,3,3,3,3,6,6,9,9,9,11,8,8,11,11,16,21,21,21,37,37,41,54,61,76,81,104,147,163,190,243,267,328,369,406,484,545,590,665,751,816,822,847,837,847,833,836,808,797,765
Bahamas,0,0,0,0,0,0,0,0,0,0,0,0,0,0,0,0,0,0,0,0,0,0,0,0,0,0,0,0,0,0,0,0,0,0,0,0,0,0,0,0,0,0,0,0,0,0,0,0,0,0,0,0,0,0,1,1,1,3,3,4,4,4,4,4,8,9,9,10,13,13,19,22,22,24,24,20,22,28,28,29,33,33,33,35,35,39,39,36
Bahrain,0,0,0,0,0,0,0,0,0,0,0,0,0,0,0,0,0,0,0,0,0,0,0,0,0,0,0,0,0,0,0,0,0,1,23,33,33,36,41,47,49,49,52,55,56,81,81,81,88,160,160,151,166,154,136,146,167,177,184,179,183,226,212,238,250,235,207,223,232,268,228,258,286,261,265,294,348,341,363,380,479,572,764,876,1001,990,1008,1011
Bangladesh,0,0,0,0,0,0,0,0,0,0,0,0,0,0,0,0,0,0,0,0,0,0,0,0,0,0,0,0,0,0,0,0,0,0,0,0,0,0,0,0,0,0,0,0,0,0,3,3,3,3,3,3,3,5,6,7,10,13,16,20,22,27,30,27,28,32,28,28,25,21,23,25,29,32,46,78,114,165,276,364,416,548,722,924,1132,1463,1705,1994
Barbados,0,0,0,0,0,0,0,0,0,0,0,0,0,0,0,0,0,0,0,0,0,0,0,0,0,0,0,0,0,0,0,0,0,0,0,0,0,0,0,0,0,0,0,0,0,0,0,0,0,0,0,0,0,0,0,2,2,5,5,6,14,17,18,18,18,24,26,33,33,34,34,46,51,52,49,52,54,52,52,52,53,56,55,55,53,55,55,53
Belarus,0,0,0,0,0,0,0,0,0,0,0,0,0,0,0,0,0,0,0,0,0,0,0,0,0,0,0,0,0,0,0,0,0,0,0,0,0,1,1,1,1,1,6,6,6,6,6,5,6,6,9,24,24,24,33,33,46,46,64,61,61,66,59,57,57,62,62,62,120,104,108,247,294,382,502,634,794,976,1331,1793,2031,2349,2687,3045,3489,3961,4395,4392
Belgium,0,0,0,0,0,0,0,0,0,0,0,0,0,1,1,1,1,1,1,1,1,1,1,1,1,1,0,0,0,0,0,0,0,0,0,0,0,0,0,1,7,12,22,49,108,168,199,238,266,310,310,555,684,881,1052,1232,1441,1743,2219,2485,3063,3392,3686,4212,5340,6137,7718,9046,9859,10374,11004,11842,12755,13901,14493,15196,16002,16482,17296,18080,18686,19584,19979,20094,22026,22390,23014,23382
Belize,0,0,0,0,0,0,0,0,0,0,0,0,0,0,0,0,0,0,0,0,0,0,0,0,0,0,0,0,0,0,0,0,0,0,0,0,0,0,0,0,0,0,0,0,0,0,0,0,0,0,0,0,0,0,0,0,0,0,0,0,0,1,1,2,2,2,2,2,3,3,3,3,4,4,5,6,6,7,8,8,11,12,16,16,16,16,16,16
Benin,0,0,0,0,0,0,0,0,0,0,0,0,0,0,0,0,0,0,0,0,0,0,0,0,0,0,0,0,0,0,0,0,0,0,0,0,0,0,0,0,0,0,0,0,0,0,0,0,0,0,0,0,0,0,1,1,2,2,2,2,2,5,6,6,6,6,6,6,6,8,12,12,14,14,17,20,20,20,20,29,29,29,29,16,16,16,16,16
Bhutan,0,0,0,0,0,0,0,0,0,0,0,0,0,0,0,0,0,0,0,0,0,0,0,0,0,0,0,0,0,0,0,0,0,0,0,0,0,0,0,0,0,0,0,0,1,1,1,1,1,1,1,1,1,1,1,1,1,1,2,2,2,2,2,2,2,3,3,4,4,4,4,4,3,3,3,3,3,3,3,3,3,3,3,3,3,3,3,3
Bolivia,0,0,0,0,0,0,0,0,0,0,0,0,0,0,0,0,0,0,0,0,0,0,0,0,0,0,0,0,0,0,0,0,0,0,0,0,0,0,0,0,0,0,0,0,0,0,0,0,0,2,2,3,10,10,11,11,12,12,15,19,24,27,29,32,43,61,74,80,93,101,107,114,122,128,145,170,178,193,244,247,253,274,301,320,362,398,408,431
Bosnia and Herzegovina,0,0,0,0,0,0,0,0,0,0,0,0,0,0,0,0,0,0,0,0,0,0,0,0,0,0,0,0,0,0,0,0,0,0,0,0,0,0,0,0,0,0,0,2,2,3,3,3,5,7,11,13,18,24,25,24,36,61,87,90,123,133,161,171,186,228,248,309,341,390,427,497,535,573,601,598,663,691,722,736,770,777,792,807,816,847,848,883
Botswana,0,0,0,0,0,0,0,0,0,0,0,0,0,0,0,0,0,0,0,0,0,0,0,0,0,0,0,0,0,0,0,0,0,0,0,0,0,0,0,0,0,0,0,0,0,0,0,0,0,0,0,0,0,0,0,0,0,0,0,0,0,0,0,0,0,0,0,0,3,3,3,3,3,3,5,5,5,5,12,12,12,12,12,12,12,14,14,14
Brazil,0,0,0,0,0,0,0,0,0,0,0,0,0,0,0,0,0,0,0,0,0,0,0,0,0,0,0,0,0,0,0,0,0,0,0,1,1,1,2,2,2,2,4,4,13,13,20,25,31,38,52,151,151,162,199,318,367,613,780,1004,1519,1888,2199,2493,2902,3319,3787,4114,4300,5389,6469,7593,8570,9788,10517,11470,13221,15224,16969,18408,19430,20796,21929,20684,12558,14475,17515,20278
Brunei,0,0,0,0,0,0,0,0,0,0,0,0,0,0,0,0,0,0,0,0,0,0,0,0,0,0,0,0,0,0,0,0,0,0,0,0,0,0,0,0,0,0,0,0,0,0,0,1,1,11,11,37,40,50,54,56,68,75,77,81,86,89,102,107,109,104,94,91,88,83,78,76,68,68,61,52,49,43,42,36,31,29,28,28,27,27,23,23
Bulgaria,0,0,0,0,0,0,0,0,0,0,0,0,0,0,0,0,0,0,0,0,0,0,0,0,0,0,0,0,0,0,0,0,0,0,0,0,0,0,0,0,0,0,0,0,0,0,4,4,4,6,6,22,39,49,50,65,90,91,124,157,181,195,212,235,253,281,313,324,334,374,392,422,441,452,474,488,512,527,546,556,571,578,582,597,606,640,664,684
Burkina Faso,0,0,0,0,0,0,0,0,0,0,0,0,0,0,0,0,0,0,0,0,0,0,0,0,0,0,0,0,0,0,0,0,0,0,0,0,0,0,0,0,0,0,0,0,0,0,0,0,1,2,2,2,2,3,15,15,19,32,39,57,66,90,103,132,135,159,175,187,203,215,220,222,236,236,238,238,238,257,273,273,302,309,309,321,284,257,228,208
Burma,0,0,0,0,0,0,0,0,0,0,0,0,0,0,0,0,0,0,0,0,0,0,0,0,0,0,0,0,0,0,0,0,0,0,0,0,0,0,0,0,0,0,0,0,0,0,0,0,0,0,0,0,0,0,0,0,0,0,0,0,0,0,0,0,0,8,8,10,14,14,14,19,19,20,20,21,21,19,18,22,33,35,56,57,68,79,79,88
Burundi,0,0,0,0,0,0,0,0,0,0,0,0,0,0,0,0,0,0,0,0,0,0,0,0,0,0,0,0,0,0,0,0,0,0,0,0,0,0,0,0,0,0,0,0,0,0,0,0,0,0,0,0,0,0,0,0,0,0,0,0,0,0,0,0,0,0,0,0,0,2,2,3,3,3,3,3,3,3,3,3,5,5,4,4,4,4,4,4
Cabo Verde,0,0,0,0,0,0,0,0,0,0,0,0,0,0,0,0,0,0,0,0,0,0,0,0,0,0,0,0,0,0,0,0,0,0,0,0,0,0,0,0,0,0,0,0,0,0,0,0,0,0,0,0,0,0,0,0,0,0,1,3,3,3,2,3,3,4,4,5,5,5,5,5,5,6,6,5,5,5,5,5,6,6,8,9,54,54,54,56
Cambodia,0,0,0,0,0,1,1,1,1,1,1,1,1,1,1,1,1,1,1,1,1,0,0,0,0,0,0,0,0,0,0,0,0,0,0,0,0,0,0,0,0,0,0,0,0,0,1,1,1,2,2,4,6,6,6,32,34,36,50,52,83,86,87,86,86,88,86,82,86,86,84,76,79,64,64,61,57,54,57,47,45,45,45,31,26,24,24,19
Cameroon,0,0,0,0,0,0,0,0,0,0,0,0,0,0,0,0,0,0,0,0,0,0,0,0,0,0,0,0,0,0,0,0,0,0,0,0,0,0,0,0,0,0,0,0,1,1,2,2,2,2,2,2,2,2,4,10,10,13,20,27,40,56,66,72,72,87,87,128,128,182,217,289,484,529,624,632,606,660,660,710,710,710,710,704,666,810,810,818
Canada,0,0,0,0,1,1,2,2,2,4,4,4,4,4,5,5,7,7,7,7,7,6,6,6,6,6,7,7,7,7,6,6,6,7,8,8,7,8,14,18,21,24,27,31,43,46,56,68,70,99,108,184,189,243,402,464,640,782,922,1248,1438,2053,2654,3038,3820,4372,5049,5750,6852,6834,8127,9410,10083,10183,12485,12968,13706,14580,14989,15647,16073,16461,17142,17925,18236,19853,20914,21992
Central African Republic,0,0,0,0,0,0,0,0,0,0,0,0,0,0,0,0,0,0,0,0,0,0,0,0,0,0,0,0,0,0,0,0,0,0,0,0,0,0,0,0,0,0,0,0,0,0,0,0,0,0,0,0,0,1,1,1,1,1,3,3,3,3,3,3,3,3,3,3,3,3,3,3,8,8,8,8,8,8,8,8,8,8,8,7,8,8,8,8
Chad,0,0,0,0,0,0,0,0,0,0,0,0,0,0,0,0,0,0,0,0,0,0,0,0,0,0,0,0,0,0,0,0,0,0,0,0,0,0,0,0,0,0,0,0,0,0,0,0,0,0,0,0,0,0,0,0,0,1,1,1,1,1,3,3,3,3,3,3,5,7,7,8,8,9,9,9,8,8,9,9,9,16,21,21,21,22,22,25
Chile,0,0,0,0,0,0,0,0,0,0,0,0,0,0,0,0,0,0,0,0,0,0,0,0,0,0,0,0,0,0,0,0,0,0,0,0,0,0,0,0,0,1,1,4,4,4,8,8,13,23,23,43,61,74,155,201,238,238,428,531,623,736,903,1117,1280,1562,1842,2057,2285,2570,2781,3051,3288,3606,3819,4050,4175,4383,4641,4865,4990,5074,5076,5179,5242,5403,5515,5569
China,503,595,858,1325,1970,2737,5277,5834,7835,9375,11357,15806,18677,22373,25762,28477,31393,33413,35705,37424,38638,38560,52309,56860,57452,57992,58108,58002,56541,54825,54608,51859,51390,49631,47413,45365,42924,39809,37199,34898,32368,29864,27402,25230,23702,22159,20335,18933,17567,16116,14859,13569,12124,10783,9906,9030,8106,7372,6731,6189,5799,5410,5030,4603,4310,3881,3600,3236,2967,2764,2640,2545,2425,2267,2062,2020,1973,1905,1865,1810,1794,1835,1829,1761,1699,1656,1572,1537
Colombia,0,0,0,0,0,0,0,0,0,0,0,0,0,0,0,0,0,0,0,0,0,0,0,0,0,0,0,0,0,0,0,0,0,0,0,0,0,0,0,0,0,0,0,0,1,1,1,1,3,9,9,13,22,34,54,64,92,101,127,195,226,271,369,458,477,523,592,682,771,859,1009,1087,1187,1289,1362,1445,1630,1877,1980,2196,2395,2397,2421,2498,2522,2539,2652,2652
Congo (Brazzaville),0,0,0,0,0,0,0,0,0,0,0,0,0,0,0,0,0,0,0,0,0,0,0,0,0,0,0,0,0,0,0,0,0,0,0,0,0,0,0,0,0,0,0,0,0,0,0,0,0,0,0,0,0,1,1,1,1,3,3,3,3,4,4,4,4,4,4,19,19,19,19,18,18,18,38,38,38,38,50,50,50,50,50,50,101,101,126,126
Congo (Kinshasa),0,0,0,0,0,0,0,0,0,0,0,0,0,0,0,0,0,0,0,0,0,0,0,0,0,0,0,0,0,0,0,0,0,0,0,0,0,0,0,0,0,0,0,0,0,0,0,0,0,1,1,2,2,2,2,3,4,14,18,22,29,35,43,46,48,46,57,57,71,88,97,118,118,133,133,138,153,153,153,182,187,198,198,201,212,222,239,256
Costa Rica,0,0,0,0,0,0,0,0,0,0,0,0,0,0,0,0,0,0,0,0,0,0,0,0,0,0,0,0,0,0,0,0,0,0,0,0,0,0,0,0,0,0,0,0,1,1,5,9,9,13,22,23,26,27,35,41,50,68,88,113,130,154,173,197,227,258,290,309,324,341,369,388,403,420,436,447,457,470,506,513,525,536,547,549,555,564,557,554
Cote d'Ivoire,0,0,0,0,0,0,0,0,0,0,0,0,0,0,0,0,0,0,0,0,0,0,0,0,0,0,0,0,0,0,0,0,0,0,0,0,0,0,0,0,0,0,0,0,0,0,0,0,0,1,1,1,1,1,1,4,5,8,8,13,13,24,71,77,93,98,98,160,161,171,180,178,198,219,221,279,305,333,389,389,471,484,531,518,518,502,489,554
Croatia,0,0,0,0,0,0,0,0,0,0,0,0,0,0,0,0,0,0,0,0,0,0,0,0,0,0,0,0,0,0,0,0,0,0,1,3,3,5,6,7,7,9,10,10,11,12,12,12,14,19,19,31,37,48,55,61,77,99,122,200,248,309,376,419,470,546,607,655,717,794,884,916,979,995,1042,1076,1097,1145,1168,1243,1190,1204,1225,1258,1235,1227,1178,1178
Cuba,0,0,0,0,0,0,0,0,0,0,0,0,0,0,0,0,0,0,0,0,0,0,0,0,0,0,0,0,0,0,0,0,0,0,0,0,0,0,0,0,0,0,0,0,0,0,0,0,0,0,3,4,4,4,4,5,6,10,15,20,34,39,46,55,64,74,112,132,162,172,194,214,248,267,297,323,358,418,472,498,527,559,584,613,639,664,700,727
Cyprus,0,0,0,0,0,0,0,0,0,0,0,0,0,0,0,0,0,0,0,0,0,0,0,0,0,0,0,0,0,0,0,0,0,0,0,0,0,0,0,0,0,0,0,0,0,0,0,2,3,6,6,14,26,26,33,46,49,67,67,84,91,112,118,126,139,142,159,194,201,231,283,318,357,382,400,411,438,465,501,527,545,557,585,618,638,646,661,670
Czechia,0,0,0,0,0,0,0,0,0,0,0,0,0,0,0,0,0,0,0,0,0,0,0,0,0,0,0,0,0,0,0,0,0,0,0,0,0,0,0,3,3,5,8,12,18,19,31,31,41,91,94,141,189,253,295,393,461,691,829,989,1113,1229,1381,1638,1906,2259,2609,2790,2953,3232,3408,3747,3966,4335,4424,4623,4757,4980,5156,5267,5291,5389,5397,5308,5231,5292,5202,5198
Denmark,0,0,0,0,0,0,0,0,0,0,0,0,0,0,0,0,0,0,0,0,0,0,0,0,0,0,0,0,0,0,0,0,0,0,0,0,1,1,3,4,4,6,11,11,23,23,36,91,263,443,616,803,834,872,929,1020,1111,1218,1327,1406,1500,1547,1650,1787,1932,2091,2244,2419,2605,2872,2215,2278,2520,2729,2953,3199,3442,3616,3710,3838,3820,3805,3825,3718,3642,3550,3361,3060
Diamond Princess,0,0,0,0,0,0,0,0,0,0,0,0,0,0,0,0,61,61,64,135,135,175,175,218,285,355,454,542,620,631,631,631,688,688,688,691,691,689,689,689,689,690,690,690,660,660,660,660,660,374,374,374,374,374,374,374,380,380,380,379,379,379,377,115,105,105,105,99,99,99,98,82,82,82,82,82,82,82,82,82,82,82,82,61,61,56,55,55
Djibouti,0,0,0,0,0,0,0,0,0,0,0,0,0,0,0,0,0,0,0,0,0,0,0,0,0,0,0,0,0,0,0,0,0,0,0,0,0,0,0,0,0,0,0,0,0,0,0,0,0,0,0,0,0,0,0,0,1,1,1,1,1,3,3,11,11,12,14,18,18,30,33,40,41,42,50,81,81,110,110,113,149,176,255,308,362,516,654,654
Dominica,0,0,0,0,0,0,0,0,0,0,0,0,0,0,0,0,0,0,0,0,0,0,0,0,0,0,0,0,0,0,0,0,0,0,0,0,0,0,0,0,0,0,0,0,0,0,0,0,0,0,0,0,0,0,0,0,0,0,0,0,1,2,2,7,11,11,11,11,11,12,12,12,12,14,14,14,14,14,14,11,11,8,8,8,8,8,8,8
Dominican Republic,0,0,0,0,0,0,0,0,0,0,0,0,0,0,0,0,0,0,0,0,0,0,0,0,0,0,0,0,0,0,0,0,0,0,0,0,0,0,0,1,1,1,1,1,2,2,5,5,5,5,5,5,11,11,11,20,20,32,70,110,199,242,303,379,475,558,688,817,855,1053,1218,1304,1404,1404,1646,1709,1822,1953,2151,2396,2516,2663,2838,2941,3217,3344,3658,3806
Ecuador,0,0,0,0,0,0,0,0,0,0,0,0,0,0,0,0,0,0,0,0,0,0,0,0,0,0,0,0,0,0,0,0,0,0,0,0,0,0,0,6,6,7,10,13,13,13,14,15,15,17,17,17,26,26,35,56,109,196,362,496,772,960,1052,1142,1366,1556,1772,1863,1899,2111,2597,2978,3158,3193,3366,3456,3456,4068,4354,6496,6531,6632,6577,6538,6690,6984,7191,7558
Egypt,0,0,0,0,0,0,0,0,0,0,0,0,0,0,0,0,0,0,0,0,0,0,0,1,1,1,1,1,1,1,1,1,1,1,1,1,1,0,0,1,1,1,1,2,14,14,47,53,57,32,39,51,80,87,121,160,158,218,238,243,257,291,302,340,369,390,419,437,465,507,548,606,703,758,848,978,1080,1152,1233,1275,1367,1317,1437,1583,1733,1881,1993,2107
El Salvador,0,0,0,0,0,0,0,0,0,0,0,0,0,0,0,0,0,0,0,0,0,0,0,0,0,0,0,0,0,0,0,0,0,0,0,0,0,0,0,0,0,0,0,0,0,0,0,0,0,0,0,0,0,0,0,0,0,1,1,3,3,3,5,9,13,13,19,24,30,31,31,39,44,51,57,60,69,79,83,96,93,98,109,118,123,125,132,140
Equatorial Guinea,0,0,0,0,0,0,0,0,0,0,0,0,0,0,0,0,0,0,0,0,0,0,0,0,0,0,0,0,0,0,0,0,0,0,0,0,0,0,0,0,0,0,0,0,0,0,0,0,0,0,0,0,0,1,1,1,4,6,6,6,6,9,9,9,12,12,12,12,12,11,14,14,15,15,15,13,13,15,15,15,15,18,17,37,47,47,75,75
Eritrea,0,0,0,0,0,0,0,0,0,0,0,0,0,0,0,0,0,0,0,0,0,0,0,0,0,0,0,0,0,0,0,0,0,0,0,0,0,0,0,0,0,0,0,0,0,0,0,0,0,0,0,0,0,0,0,0,0,0,0,1,1,1,1,4,6,6,6,12,12,15,15,22,22,29,29,31,31,33,33,34,34,34,34,34,35,35,35,36
Estonia,0,0,0,0,0,0,0,0,0,0,0,0,0,0,0,0,0,0,0,0,0,0,0,0,0,0,0,0,0,0,0,0,0,0,0,0,1,1,1,1,1,2,2,3,10,10,10,10,12,16,16,79,115,170,204,224,257,266,282,305,324,350,362,395,529,563,624,656,692,715,741,802,901,967,1020,1027,1059,1089,1100,1141,1187,1186,1202,1227,1248,1265,1276,1312
Eswatini,0,0,0,0,0,0,0,0,0,0,0,0,0,0,0,0,0,0,0,0,0,0,0,0,0,0,0,0,0,0,0,0,0,0,0,0,0,0,0,0,0,0,0,0,0,0,0,0,0,0,0,0,1,1,1,1,1,1,1,1,4,4,4,4,6,9,9,9,9,9,9,9,9,9,9,6,6,5,5,5,5,7,8,7,7,7,7,13
Ethiopia,0,0,0,0,0,0,0,0,0,0,0,0,0,0,0,0,0,0,0,0,0,0,0,0,0,0,0,0,0,0,0,0,0,0,0,0,0,0,0,0,0,0,0,0,0,0,0,0,0,0,0,1,1,1,5,5,6,6,9,9,7,7,12,12,12,16,15,20,19,24,27,26,32,34,37,38,46,49,50,58,56,58,57,65,67,74,78,86
Fiji,0,0,0,0,0,0,0,0,0,0,0,0,0,0,0,0,0,0,0,0,0,0,0,0,0,0,0,0,0,0,0,0,0,0,0,0,0,0,0,0,0,0,0,0,0,0,0,0,0,0,0,0,0,0,0,0,0,1,1,1,2,3,4,5,5,5,5,5,5,5,5,7,7,12,12,14,15,15,15,16,16,16,16,16,16,17,17,17
Finland,0,0,0,0,0,0,0,1,1,1,1,1,1,1,1,1,1,1,1,1,1,0,0,0,0,0,0,0,0,0,0,0,0,0,0,1,1,1,2,5,5,5,5,11,14,14,22,29,39,58,58,154,224,234,267,311,326,390,440,512,615,689,781,867,943,1024,1148,1219,1329,1391,1419,1199,1295,1557,1599,1849,1974,2147,2263,2421,2556,2618,2705,2797,2865,1594,1707,1891
France,0,0,2,3,3,3,4,5,5,5,6,6,6,6,6,6,6,11,11,11,11,9,9,9,7,7,7,7,7,7,7,7,7,7,2,5,25,44,86,116,176,188,272,362,635,936,1105,1188,1749,2233,2233,3590,4393,4429,6522,7554,8963,10714,12295,13888,13361,17055,18270,20360,22898,25698,30064,30871,34176,39782,42282,41983,44547,46354,46970,48989,49297,50718,51725,53328,54349,79831,82407,86515,85924,95823,95421,93217
Gabon,0,0,0,0,0,0,0,0,0,0,0,0,0,0,0,0,0,0,0,0,0,0,0,0,0,0,0,0,0,0,0,0,0,0,0,0,0,0,0,0,0,0,0,0,0,0,0,0,0,0,0,0,1,1,1,1,1,1,2,3,4,4,5,5,6,6,6,6,6,15,17,20,19,19,19,22,28,32,42,42,44,47,55,55,75,75,100,100
Gambia,0,0,0,0,0,0,0,0,0,0,0,0,0,0,0,0,0,0,0,0,0,0,0,0,0,0,0,0,0,0,0,0,0,0,0,0,0,0,0,0,0,0,0,0,0,0,0,0,0,0,0,0,0,0,0,1,1,1,1,1,1,1,2,2,2,2,2,3,3,3,1,1,1,1,1,1,1,1,1,1,6,6,6,6,6,6,6,6
Georgia,0,0,0,0,0,0,0,0,0,0,0,0,0,0,0,0,0,0,0,0,0,0,0,0,0,0,0,0,0,0,0,0,0,0,0,1,1,1,1,3,3,3,3,4,4,4,13,15,15,24,24,25,30,33,32,33,37,39,42,48,51,58,61,65,68,69,76,73,83,89,94,108,127,125,136,147,147,158,164,177,179,187,201,228,232,269,288,298
Germany,0,0,0,0,0,1,4,4,4,5,8,10,12,12,12,12,13,13,14,14,16,16,15,15,15,15,15,4,4,4,2,2,2,2,3,12,30,32,63,114,143,180,246,466,653,781,1022,1156,1437,1880,2050,3622,4530,5738,7188,9166,12194,15163,19601,21896,24513,28667,29586,33570,37998,43871,48781,52351,52740,54933,58252,61247,65309,68248,69839,72864,69566,64647,63167,65491,64772,64532,62578,59865,58349,56646,53931,53483
Ghana,0,0,0,0,0,0,0,0,0,0,0,0,0,0,0,0,0,0,0,0,0,0,0,0,0,0,0,0,0,0,0,0,0,0,0,0,0,0,0,0,0,0,0,0,0,0,0,0,0,0,0,0,3,6,6,7,7,11,16,18,22,25,51,89,127,131,134,145,145,125,159,168,169,169,178,178,251,273,369,368,396,554,554,611,611,550,550,726
Greece,0,0,0,0,0,0,0,0,0,0,0,0,0,0,0,0,0,0,0,0,0,0,0,0,0,0,0,0,0,0,0,0,0,0,0,1,3,4,4,7,7,7,9,31,45,46,73,73,89,98,98,189,217,319,319,374,405,404,470,498,590,659,694,763,830,886,977,1066,1117,1213,1313,1430,1472,1527,1584,1407,1482,1532,1599,1650,1719,1747,1777,1800,1821,1833,1847,1856
Grenada,0,0,0,0,0,0,0,0,0,0,0,0,0,0,0,0,0,0,0,0,0,0,0,0,0,0,0,0,0,0,0,0,0,0,0,0,0,0,0,0,0,0,0,0,0,0,0,0,0,0,0,0,0,0,0,0,0,0,0,0,1,1,1,1,7,7,7,9,9,9,9,10,12,12,12,12,12,12,12,14,14,14,14,14,14,14,8,8
Guatemala,0,0,0,0,0,0,0,0,0,0,0,0,0,0,0,0,0,0,0,0,0,0,0,0,0,0,0,0,0,0,0,0,0,0,0,0,0,0,0,0,0,0,0,0,0,0,0,0,0,0,0,0,1,1,1,5,5,8,11,16,18,19,20,19,20,23,23,23,25,25,26,34,37,44,44,52,57,67,75,106,115,131,132,143,156,172,186,207
Guinea,0,0,0,0,0,0,0,0,0,0,0,0,0,0,0,0,0,0,0,0,0,0,0,0,0,0,0,0,0,0,0,0,0,0,0,0,0,0,0,0,0,0,0,0,0,0,0,0,0,0,0,1,1,1,1,1,1,1,1,2,2,4,4,4,4,8,8,16,22,22,30,52,71,106,116,123,139,159,183,197,233,233,302,332,372,388,415,450
Guinea-Bissau,0,0,0,0,0,0,0,0,0,0,0,0,0,0,0,0,0,0,0,0,0,0,0,0,0,0,0,0,0,0,0,0,0,0,0,0,0,0,0,0,0,0,0,0,0,0,0,0,0,0,0,0,0,0,0,0,0,0,0,0,0,0,0,2,2,2,2,2,8,8,9,9,15,18,18,18,33,33,36,36,38,38,38,38,43,43,43,46
Guyana,0,0,0,0,0,0,0,0,0,0,0,0,0,0,0,0,0,0,0,0,0,0,0,0,0,0,0,0,0,0,0,0,0,0,0,0,0,0,0,0,0,0,0,0,0,0,0,0,0,0,0,0,0,3,3,6,6,6,6,6,18,19,4,4,4,4,7,7,7,10,17,15,19,19,20,19,20,23,23,23,31,31,31,33,41,41,48,48
Haiti,0,0,0,0,0,0,0,0,0,0,0,0,0,0,0,0,0,0,0,0,0,0,0,0,0,0,0,0,0,0,0,0,0,0,0,0,0,0,0,0,0,0,0,0,0,0,0,0,0,0,0,0,0,0,0,0,0,0,2,2,2,6,7,8,8,8,8,14,14,14,15,15,17,19,19,23,24,26,28,29,31,30,37,37,38,38,40,41
Holy See,0,0,0,0,0,0,0,0,0,0,0,0,0,0,0,0,0,0,0,0,0,0,0,0,0,0,0,0,0,0,0,0,0,0,0,0,0,0,0,0,0,0,0,0,1,1,1,1,1,1,1,1,1,1,1,1,1,1,1,1,1,1,4,4,4,4,6,6,6,6,6,7,7,7,7,7,7,6,6,6,6,6,6,6,6,6,6,6
Honduras,0,0,0,0,0,0,0,0,0,0,0,0,0,0,0,0,0,0,0,0,0,0,0,0,0,0,0,0,0,0,0,0,0,0,0,0,0,0,0,0,0,0,0,0,0,0,0,0,0,2,2,2,2,3,6,8,9,12,24,24,26,30,30,36,51,67,91,104,129,131,159,202,204,246,240,270,277,284,314,352,361,361,365,374,379,382,391,401
Hungary,0,0,0,0,0,0,0,0,0,0,0,0,0,0,0,0,0,0,0,0,0,0,0,0,0,0,0,0,0,0,0,0,0,0,0,0,0,0,0,0,0,0,2,2,2,4,7,9,9,13,13,19,29,30,37,47,55,70,80,92,109,144,157,195,223,256,298,361,398,439,465,522,554,588,633,639,699,743,818,1001,1110,1193,1229,1268,1253,1311,1400,1431
Iceland,0,0,0,0,0,0,0,0,0,0,0,0,0,0,0,0,0,0,0,0,0,0,0,0,0,0,0,0,0,0,0,0,0,0,0,0,0,1,1,3,6,11,26,34,43,50,50,58,68,84,102,133,155,158,180,219,244,324,404,450,531,551,595,679,718,791,847,883,927,935,993,1031,1051,1017,1054,1096,1021,977,954,917,840,804,770,723,642,587,521,460
India,0,0,0,0,0,0,0,0,1,1,1,2,3,3,3,3,3,3,3,3,3,3,3,3,3,0,0,0,0,0,0,0,0,0,0,0,0,0,0,0,2,2,25,27,28,31,36,40,52,57,68,76,96,98,104,125,139,175,219,303,362,462,486,602,662,794,879,902,1117,1239,1792,2280,2303,2767,3260,4267,4740,5232,5879,6578,7189,7794,8914,9735,10485,11214,11825,12738
Indonesia,0,0,0,0,0,0,0,0,0,0,0,0,0,0,0,0,0,0,0,0,0,0,0,0,0,0,0,0,0,0,0,0,0,0,0,0,0,0,0,0,2,2,2,2,4,4,6,19,25,31,31,63,83,104,121,159,197,275,322,397,437,501,601,701,780,913,994,1107,1217,1311,1417,1508,1671,1751,1911,2090,2313,2494,2761,2924,3229,3509,3778,3954,4221,4472,4796,5082
Iran,0,0,0,0,0,0,0,0,0,0,0,0,0,0,0,0,0,0,0,0,0,0,0,0,0,0,0,0,0,3,14,23,35,49,79,71,170,281,427,749,1144,1968,2278,2667,3710,4009,4238,4530,5020,5687,6687,7891,9159,8624,9548,9792,10837,11413,11466,11419,12022,13306,13964,15315,16715,18821,21212,23278,24827,27051,29084,30597,31954,32555,34887,32525,31678,30781,29801,28495,23725,23318,22735,22065,21679,20897,20472,19850
Iraq,0,0,0,0,0,0,0,0,0,0,0,0,0,0,0,0,0,0,0,0,0,0,0,0,0,0,0,0,0,0,0,0,0,1,1,5,7,7,13,19,26,32,33,33,37,50,54,51,61,49,48,68,74,80,88,111,109,136,142,146,156,186,214,214,241,296,333,362,432,474,494,516,540,563,621,623,684,681,667,659,645,636,583,556,524,498,495,478
Ireland,0,0,0,0,0,0,0,0,0,0,0,0,0,0,0,0,0,0,0,0,0,0,0,0,0,0,0,0,0,0,0,0,0,0,0,0,0,0,1,1,1,2,6,6,18,18,19,21,34,42,42,89,127,127,167,216,285,549,675,777,897,1114,1317,1550,1795,2094,2374,2564,2851,3159,3357,3746,4148,4442,4811,5165,5474,5814,6286,7777,8583,9296,10257,11048,12026,12708,13373,14110
Israel,0,0,0,0,0,0,0,0,0,0,0,0,0,0,0,0,0,0,0,0,0,0,0,0,0,0,0,0,0,0,1,1,1,1,1,2,2,3,6,9,9,11,14,19,35,41,59,59,71,75,96,122,151,209,214,239,293,416,515,675,845,1033,1182,2306,2617,2944,3518,4100,4518,5114,5825,6483,6985,7380,7904,8262,8413,8530,8871,9130,9301,9415,9615,9728,9808,9798,9705,9645
Italy,0,0,0,0,0,0,0,0,0,2,2,2,2,2,2,2,3,3,3,3,3,3,3,3,3,3,3,3,3,3,19,59,150,221,311,438,593,821,1053,1577,1835,2263,2706,3296,3916,5061,6387,7985,8794,10590,10590,14955,17750,20603,23073,26062,28710,33190,38549,42681,46638,50826,54030,57521,62013,66414,70065,73880,75528,77635,80572,83049,85388,88274,91246,93187,94067,95262,96877,98273,100269,102253,103616,104291,105418,106607,106962,107771
Jamaica,0,0,0,0,0,0,0,0,0,0,0,0,0,0,0,0,0,0,0,0,0,0,0,0,0,0,0,0,0,0,0,0,0,0,0,0,0,0,0,0,0,0,0,0,0,0,0,0,0,1,2,8,8,10,8,10,11,12,13,13,16,16,18,23,23,23,27,29,33,33,39,42,42,43,47,47,52,49,47,46,48,52,50,50,99,117,113,133
Japan,2,2,2,2,3,3,6,6,10,14,19,19,19,21,21,21,24,24,25,22,17,19,18,19,30,46,53,60,65,75,82,99,124,136,147,165,188,202,204,218,236,244,282,311,368,379,420,425,470,506,505,564,633,699,668,705,716,745,739,740,825,851,865,952,981,1047,1237,1388,1388,1473,1649,1961,2040,2548,2548,2994,3222,3542,3941,4746,5144,5878,6463,6703,7101,7547,8662,9005
Jordan,0,0,0,0,0,0,0,0,0,0,0,0,0,0,0,0,0,0,0,0,0,0,0,0,0,0,0,0,0,0,0,0,0,0,0,0,0,0,0,0,0,1,1,1,1,1,1,1,1,1,1,0,0,7,16,33,51,68,84,84,111,126,153,171,211,216,227,238,237,239,237,249,247,244,230,217,209,202,204,195,197,181,169,155,144,136,135,137
Kazakhstan,0,0,0,0,0,0,0,0,0,0,0,0,0,0,0,0,0,0,0,0,0,0,0,0,0,0,0,0,0,0,0,0,0,0,0,0,0,0,0,0,0,0,0,0,0,0,0,0,0,0,0,4,6,9,10,33,35,44,46,53,60,62,72,81,108,146,211,263,280,317,351,405,429,490,536,610,640,666,713,738,774,842,941,1015,1039,1108,1182,1221
Kenya,0,0,0,0,0,0,0,0,0,0,0,0,0,0,0,0,0,0,0,0,0,0,0,0,0,0,0,0,0,0,0,0,0,0,0,0,0,0,0,0,0,0,0,0,0,0,0,0,0,0,0,1,1,3,3,3,3,7,7,7,15,16,25,27,29,29,36,40,48,57,77,103,114,118,134,148,159,164,165,160,160,164,159,166,162,170,182,190
"Korea, South",1,1,2,2,3,4,4,4,4,11,12,15,15,16,19,23,23,23,22,24,25,21,21,21,19,20,20,19,19,87,186,415,578,807,945,1227,1731,2302,3107,3689,4277,5128,5545,6012,6416,6862,7146,7307,7212,7407,7470,7403,7504,7577,7024,6832,6789,6934,7018,7157,5941,5941,5410,5281,4966,4665,4523,4398,4275,4216,4155,3979,3867,3654,3591,3500,3445,3408,3246,3125,3026,2930,2873,2808,2750,2627,2576,2484
Kosovo,0,0,0,0,0,0,0,0,0,0,0,0,0,0,0,0,0,0,0,0,0,0,0,0,0,0,0,0,0,0,0,0,0,0,0,0,0,0,0,0,0,0,0,0,0,0,0,0,0,0,0,0,0,0,0,0,0,0,0,0,0,0,0,0,70,84,89,92,92,105,114,114,115,118,121,121,142,149,149,191,218,218,218,313,313,359,384,405
Kuwait,0,0,0,0,0,0,0,0,0,0,0,0,0,0,0,0,0,0,0,0,0,0,0,0,0,0,0,0,0,0,0,0,0,1,11,26,43,45,45,45,56,56,56,58,58,61,63,63,68,70,75,75,99,107,114,121,127,130,141,149,161,162,152,152,159,168,171,188,194,216,237,261,335,385,456,561,637,743,798,869,1020,1091,1148,1176,1196,1296,1395,1465
Kyrgyzstan,0,0,0,0,0,0,0,0,0,0,0,0,0,0,0,0,0,0,0,0,0,0,0,0,0,0,0,0,0,0,0,0,0,0,0,0,0,0,0,0,0,0,0,0,0,0,0,0,0,0,0,0,0,0,0,0,3,3,6,14,14,16,42,44,44,58,58,84,91,104,108,111,123,134,137,179,191,233,241,258,290,318,347,354,366,370,370,371
Laos,0,0,0,0,0,0,0,0,0,0,0,0,0,0,0,0,0,0,0,0,0,0,0,0,0,0,0,0,0,0,0,0,0,0,0,0,0,0,0,0,0,0,0,0,0,0,0,0,0,0,0,0,0,0,0,0,0,0,0,0,0,0,2,3,6,6,8,8,8,9,10,10,10,10,11,12,14,15,16,16,18,19,19,18,18,17,17,17
Latvia,0,0,0,0,0,0,0,0,0,0,0,0,0,0,0,0,0,0,0,0,0,0,0,0,0,0,0,0,0,0,0,0,0,0,0,0,0,0,0,0,1,1,1,1,1,1,2,6,7,9,9,16,25,29,33,48,70,85,110,123,138,179,196,220,243,279,304,346,375,397,445,427,491,507,531,525,530,559,570,593,611,630,634,636,617,613,589,619
Lebanon,0,0,0,0,0,0,0,0,0,0,0,0,0,0,0,0,0,0,0,0,0,0,0,0,0,0,0,0,0,0,1,1,1,1,1,2,2,2,4,10,13,13,12,15,21,21,31,31,39,57,57,73,89,106,106,114,127,149,155,179,236,255,306,307,339,356,374,398,400,421,422,432,441,449,455,462,467,495,496,513,522,530,532,540,552,556,561,552
Liberia,0,0,0,0,0,0,0,0,0,0,0,0,0,0,0,0,0,0,0,0,0,0,0,0,0,0,0,0,0,0,0,0,0,0,0,0,0,0,0,0,0,0,0,0,0,0,0,0,0,0,0,0,0,0,1,1,2,2,2,3,3,3,3,3,3,3,3,3,3,3,6,6,7,6,7,8,8,24,24,29,40,42,49,49,49,49,62,62
Libya,0,0,0,0,0,0,0,0,0,0,0,0,0,0,0,0,0,0,0,0,0,0,0,0,0,0,0,0,0,0,0,0,0,0,0,0,0,0,0,0,0,0,0,0,0,0,0,0,0,0,0,0,0,0,0,0,0,0,0,0,0,0,1,1,1,1,3,8,8,9,10,10,10,17,17,17,18,12,15,15,15,15,16,25,38,37,37,37
Liechtenstein,0,0,0,0,0,0,0,0,0,0,0,0,0,0,0,0,0,0,0,0,0,0,0,0,0,0,0,0,0,0,0,0,0,0,0,0,0,0,0,0,0,0,1,1,1,1,1,1,1,1,1,1,4,4,4,7,28,28,28,37,37,51,51,51,56,56,56,56,62,68,68,75,75,76,76,21,22,22,22,23,23,23,23,23,23,23,23,23
Lithuania,0,0,0,0,0,0,0,0,0,0,0,0,0,0,0,0,0,0,0,0,0,0,0,0,0,0,0,0,0,0,0,0,0,0,0,0,0,1,1,1,1,1,1,1,1,1,1,1,1,3,3,6,8,11,16,24,26,35,48,81,141,177,206,269,294,352,386,452,477,522,566,633,680,753,791,820,857,889,931,923,949,933,937,940,923,918,906,978
Luxembourg,0,0,0,0,0,0,0,0,0,0,0,0,0,0,0,0,0,0,0,0,0,0,0,0,0,0,0,0,0,0,0,0,0,0,0,0,0,0,1,1,1,1,1,1,2,2,3,3,5,7,19,34,50,58,76,139,201,331,480,662,784,861,1085,1319,1438,1550,1773,1889,1926,2075,2210,2377,2081,2198,2268,2302,2426,2488,2563,2669,2708,2715,2723,2740,2778,2823,2829,2864
MS Zaandam,0,0,0,0,0,0,0,0,0,0,0,0,0,0,0,0,0,0,0,0,0,0,0,0,0,0,0,0,0,0,0,0,0,0,0,0,0,0,0,0,0,0,0,0,0,0,0,0,0,0,0,0,0,0,0,0,0,0,0,0,0,0,0,0,0,0,2,2,2,2,7,7,7,7,7,7,7,7,7,7,7,7,7,7,7,7,7,7
Madagascar,0,0,0,0,0,0,0,0,0,0,0,0,0,0,0,0,0,0,0,0,0,0,0,0,0,0,0,0,0,0,0,0,0,0,0,0,0,0,0,0,0,0,0,0,0,0,0,0,0,0,0,0,0,0,0,0,0,0,3,3,3,12,17,19,23,26,26,39,43,57,57,59,70,70,70,80,81,82,82,82,91,86,85,85,81,78,84,85
Malawi,0,0,0,0,0,0,0,0,0,0,0,0,0,0,0,0,0,0,0,0,0,0,0,0,0,0,0,0,0,0,0,0,0,0,0,0,0,0,0,0,0,0,0,0,0,0,0,0,0,0,0,0,0,0,0,0,0,0,0,0,0,0,0,0,0,0,0,0,0,0,0,3,3,4,4,5,7,7,7,8,10,11,14,14,14,14,12,12
Malaysia,0,0,0,3,4,4,4,7,8,8,8,8,8,10,12,12,11,15,15,17,15,15,16,16,15,15,15,9,7,7,7,7,7,4,4,4,5,5,7,11,11,14,28,28,61,70,75,93,105,123,123,171,203,386,524,622,728,823,940,1065,1157,1365,1425,1577,1793,1876,1973,2047,2110,2186,2218,2299,2453,2511,2596,2490,2579,2567,2553,2446,2462,2499,2464,2427,2342,2332,2198,2115
Maldives,0,0,0,0,0,0,0,0,0,0,0,0,0,0,0,0,0,0,0,0,0,0,0,0,0,0,0,0,0,0,0,0,0,0,0,0,0,0,0,0,0,0,0,0,0,0,4,4,6,8,8,9,10,13,13,13,13,13,13,13,13,13,8,5,5,7,7,4,4,5,6,6,6,6,6,6,6,6,6,6,6,6,6,4,6,9,12,19
Mali,0,0,0,0,0,0,0,0,0,0,0,0,0,0,0,0,0,0,0,0,0,0,0,0,0,0,0,0,0,0,0,0,0,0,0,0,0,0,0,0,0,0,0,0,0,0,0,0,0,0,0,0,0,0,0,0,0,0,0,0,0,0,0,2,4,11,18,17,23,26,28,33,36,37,39,33,39,36,45,58,58,74,87,97,101,124,124,162
Malta,0,0,0,0,0,0,0,0,0,0,0,0,0,0,0,0,0,0,0,0,0,0,0,0,0,0,0,0,0,0,0,0,0,0,0,0,0,0,0,0,0,0,0,0,0,3,3,3,5,6,6,11,17,20,28,36,36,51,62,71,88,105,108,127,132,137,147,149,154,167,186,194,200,211,222,236,288,282,319,332,351,331,337,346,352,327,328,324
Mauritania,0,0,0,0,0,0,0,0,0,0,0,0,0,0,0,0,0,0,0,0,0,0,0,0,0,0,0,0,0,0,0,0,0,0,0,0,0,0,0,0,0,0,0,0,0,0,0,0,0,0,0,0,1,1,1,1,1,2,2,2,2,2,2,2,3,3,5,3,2,3,3,3,3,3,3,3,3,3,4,4,4,4,4,4,4,4,4,4
Mauritius,0,0,0,0,0,0,0,0,0,0,0,0,0,0,0,0,0,0,0,0,0,0,0,0,0,0,0,0,0,0,0,0,0,0,0,0,0,0,0,0,0,0,0,0,0,0,0,0,0,0,0,0,0,0,0,0,3,3,12,13,26,34,40,46,79,92,100,104,125,138,155,162,179,182,213,230,253,247,284,286,282,273,273,264,250,234,207,136
Mexico,0,0,0,0,0,0,0,0,0,0,0,0,0,0,0,0,0,0,0,0,0,0,0,0,0,0,0,0,0,0,0,0,0,0,0,0,0,1,4,5,5,4,4,4,5,5,6,6,3,4,8,8,22,37,49,78,89,113,159,197,245,309,359,396,465,573,701,828,938,1031,1151,1306,827,995,1178,1416,1681,2011,2374,2614,2978,2174,2522,2718,2868,3273,3686,4204
Moldova,0,0,0,0,0,0,0,0,0,0,0,0,0,0,0,0,0,0,0,0,0,0,0,0,0,0,0,0,0,0,0,0,0,0,0,0,0,0,0,0,0,0,0,0,0,0,1,1,3,3,3,6,12,23,23,29,28,47,64,78,92,107,122,146,174,195,227,259,281,331,395,476,557,711,819,909,994,1107,1210,1353,1455,1537,1570,1760,1832,1865,1932,1930
Monaco,0,0,0,0,0,0,0,0,0,0,0,0,0,0,0,0,0,0,0,0,0,0,0,0,0,0,0,0,0,0,0,0,0,0,0,0,0,0,1,1,1,1,1,1,1,1,1,1,1,1,2,2,2,2,7,7,7,7,11,11,22,22,22,30,32,41,41,44,47,49,52,57,60,62,69,72,74,76,78,84,86,86,86,86,78,78,71,69
Mongolia,0,0,0,0,0,0,0,0,0,0,0,0,0,0,0,0,0,0,0,0,0,0,0,0,0,0,0,0,0,0,0,0,0,0,0,0,0,0,0,0,0,0,0,0,0,0,0,0,1,1,1,1,1,1,1,5,6,6,6,10,10,10,10,10,11,11,12,12,10,10,12,12,12,12,12,13,11,12,12,12,12,12,13,25,25,26,26,26
Montenegro,0,0,0,0,0,0,0,0,0,0,0,0,0,0,0,0,0,0,0,0,0,0,0,0,0,0,0,0,0,0,0,0,0,0,0,0,0,0,0,0,0,0,0,0,0,0,0,0,0,0,0,0,0,0,0,2,2,3,14,14,21,26,46,51,68,81,83,84,90,107,121,142,171,198,211,230,235,242,246,249,256,264,266,233,229,244,243,247
Morocco,0,0,0,0,0,0,0,0,0,0,0,0,0,0,0,0,0,0,0,0,0,0,0,0,0,0,0,0,0,0,0,0,0,0,0,0,0,0,0,0,1,1,1,2,2,2,2,2,2,4,5,5,15,26,27,35,46,60,73,90,108,136,159,212,256,311,366,440,508,557,586,633,686,794,875,959,1001,1085,1168,1219,1288,1366,1434,1545,1668,1904,2148,2234
Mozambique,0,0,0,0,0,0,0,0,0,0,0,0,0,0,0,0,0,0,0,0,0,0,0,0,0,0,0,0,0,0,0,0,0,0,0,0,0,0,0,0,0,0,0,0,0,0,0,0,0,0,0,0,0,0,0,0,0,0,0,0,1,1,3,5,7,7,8,8,8,8,10,10,10,9,9,9,9,16,16,18,18,19,19,26,27,29,32,31
Namibia,0,0,0,0,0,0,0,0,0,0,0,0,0,0,0,0,0,0,0,0,0,0,0,0,0,0,0,0,0,0,0,0,0,0,0,0,0,0,0,0,0,0,0,0,0,0,0,0,0,0,0,0,2,2,2,2,2,3,3,3,3,4,5,5,6,6,6,9,9,9,12,11,11,11,13,13,13,13,13,13,13,13,13,13,13,12,12,10
Nepal,0,0,0,1,1,1,1,1,1,1,1,1,1,1,1,1,1,1,1,1,1,0,0,0,0,0,0,0,0,0,0,0,0,0,0,0,0,0,0,0,0,0,0,0,0,0,0,0,0,0,0,0,0,0,0,0,0,0,0,0,0,1,1,2,2,3,4,4,4,4,4,5,5,8,8,8,8,8,8,8,8,11,13,15,15,14,28,29
Netherlands,0,0,0,0,0,0,0,0,0,0,0,0,0,0,0,0,0,0,0,0,0,0,0,0,0,0,0,0,0,0,0,0,0,0,0,0,1,1,6,10,18,24,38,82,127,187,262,318,378,498,498,796,948,1116,1390,1666,1998,2388,2894,3501,4035,4548,5300,6077,7027,8094,9173,9905,10699,11374,12261,13187,14071,14809,15925,16794,17329,18155,19222,20442,21627,22704,23582,24328,24867,25745,26833,27836
New Zealand,0,0,0,0,0,0,0,0,0,0,0,0,0,0,0,0,0,0,0,0,0,0,0,0,0,0,0,0,0,0,0,0,0,0,0,0,0,1,1,1,1,1,3,3,4,5,5,5,5,5,5,5,6,8,8,12,20,28,39,52,102,102,143,183,256,331,401,457,525,572,624,704,764,822,882,929,918,927,921,908,886,855,798,729,649,622,582,544
Nicaragua,0,0,0,0,0,0,0,0,0,0,0,0,0,0,0,0,0,0,0,0,0,0,0,0,0,0,0,0,0,0,0,0,0,0,0,0,0,0,0,0,0,0,0,0,0,0,0,0,0,0,0,0,0,0,0,0,0,1,1,2,2,2,2,2,2,1,3,3,3,4,4,4,4,4,5,5,5,5,6,6,7,4,4,4,4,4,4,1
Niger,0,0,0,0,0,0,0,0,0,0,0,0,0,0,0,0,0,0,0,0,0,0,0,0,0,0,0,0,0,0,0,0,0,0,0,0,0,0,0,0,0,0,0,0,0,0,0,0,0,0,0,0,0,0,0,0,0,0,1,1,2,3,3,6,9,9,9,17,24,24,69,93,115,136,161,217,241,303,359,386,439,442,442,466,480,480,499,507
Nigeria,0,0,0,0,0,0,0,0,0,0,0,0,0,0,0,0,0,0,0,0,0,0,0,0,0,0,0,0,0,0,0,0,0,0,0,0,0,1,1,1,1,1,1,1,1,1,1,2,2,2,2,2,2,2,2,3,7,7,11,21,28,37,41,48,62,66,85,107,121,125,163,162,181,185,194,198,204,226,230,240,238,228,242,263,267,277,317,357
North Macedonia,0,0,0,0,0,0,0,0,0,0,0,0,0,0,0,0,0,0,0,0,0,0,0,0,0,0,0,0,0,0,0,0,0,0,0,1,1,1,1,1,1,1,1,1,3,3,3,3,7,7,7,13,13,13,17,25,34,47,66,84,113,133,145,173,195,213,234,250,266,308,326,356,398,446,514,517,543,553,596,638,685,753,772,778,831,914,929,957
Norway,0,0,0,0,0,0,0,0,0,0,0,0,0,0,0,0,0,0,0,0,0,0,0,0,0,0,0,0,0,0,0,0,0,0,0,1,1,6,15,19,25,32,56,87,108,147,176,204,399,597,701,995,1086,1217,1329,1459,1543,1738,1906,2110,2377,2610,2845,3064,3349,3730,3985,4252,4401,4589,4806,5065,5279,5456,5584,5757,5965,5953,6071,6169,6258,6365,6437,6452,6558,6712,6744,6840
Oman,0,0,0,0,0,0,0,0,0,0,0,0,0,0,0,0,0,0,0,0,0,0,0,0,0,0,0,0,0,0,0,0,0,2,2,4,4,4,5,5,5,10,13,14,14,14,14,14,9,9,9,10,10,13,13,15,27,36,36,40,38,49,67,82,86,108,129,144,150,157,175,173,194,214,235,268,302,345,345,372,434,486,599,679,775,839,887,998
Pakistan,0,0,0,0,0,0,0,0,0,0,0,0,0,0,0,0,0,0,0,0,0,0,0,0,0,0,0,0,0,0,0,0,0,0,0,2,2,2,4,4,4,5,5,5,6,6,5,5,15,17,18,26,29,51,134,234,297,439,485,714,766,864,947,1034,1171,1339,1454,1554,1620,1836,1997,2262,2520,2646,2899,3454,3549,3735,3852,3902,4163,4111,4308,4363,4826,5146,5125,5663
Panama,0,0,0,0,0,0,0,0,0,0,0,0,0,0,0,0,0,0,0,0,0,0,0,0,0,0,0,0,0,0,0,0,0,0,0,0,0,0,0,0,0,0,0,0,0,0,0,0,1,7,10,26,35,42,54,68,85,108,136,199,310,339,338,434,548,663,770,880,961,1142,1142,1276,1428,1619,1742,1921,2031,2174,2449,2670,2883,3132,3284,3317,3407,3573,3809,3972
Papua New Guinea,0,0,0,0,0,0,0,0,0,0,0,0,0,0,0,0,0,0,0,0,0,0,0,0,0,0,0,0,0,0,0,0,0,0,0,0,0,0,0,0,0,0,0,0,0,0,0,0,0,0,0,0,0,0,0,0,0,0,1,1,1,1,1,1,1,1,1,1,1,1,1,1,1,1,1,2,2,2,2,2,2,2,2,2,2,7,7,7
Paraguay,0,0,0,0,0,0,0,0,0,0,0,0,0,0,0,0,0,0,0,0,0,0,0,0,0,0,0,0,0,0,0,0,0,0,0,0,0,0,0,0,0,0,0,0,0,0,1,1,1,5,5,6,6,6,8,9,11,11,13,17,21,21,25,34,38,48,52,55,60,61,65,72,83,81,89,96,95,99,101,105,109,106,119,130,130,136,161,159
Peru,0,0,0,0,0,0,0,0,0,0,0,0,0,0,0,0,0,0,0,0,0,0,0,0,0,0,0,0,0,0,0,0,0,0,0,0,0,0,0,0,0,0,0,0,1,1,6,7,11,11,15,28,38,43,86,116,144,233,230,312,357,389,408,470,557,608,639,818,873,641,891,822,997,759,1209,1472,1546,2888,3680,4159,4928,5528,6926,7204,8113,6097,6648,7388
Philippines,0,0,0,0,0,0,0,0,1,1,1,1,1,1,1,1,2,2,2,2,2,1,1,1,1,1,1,1,1,1,1,1,1,1,1,1,1,1,1,1,1,1,1,1,3,4,8,18,30,46,48,57,101,127,128,170,178,192,204,275,338,412,497,572,634,718,972,1305,1426,1947,2165,2475,2830,2893,3030,3424,3503,3592,3749,3834,4024,4154,4375,4593,4751,4863,5004,5174
Poland,0,0,0,0,0,0,0,0,0,0,0,0,0,0,0,0,0,0,0,0,0,0,0,0,0,0,0,0,0,0,0,0,0,0,0,0,0,0,0,0,0,0,1,1,5,5,11,16,22,31,48,66,100,116,160,220,233,349,419,530,626,740,890,1030,1198,1366,1613,1833,2017,2271,2464,2833,3256,3432,3874,4144,4528,4824,5117,5456,5773,6003,6202,6321,6628,6830,7181,7414
Portugal,0,0,0,0,0,0,0,0,0,0,0,0,0,0,0,0,0,0,0,0,0,0,0,0,0,0,0,0,0,0,0,0,0,0,0,0,0,0,0,0,2,2,5,8,13,20,30,30,41,59,59,111,167,243,328,444,443,779,1009,1263,1581,2032,2307,2930,3441,4149,5027,5800,6225,7240,8021,8757,9572,10183,10908,11279,11913,12565,13342,14804,15251,15804,16122,16534,17109,17719,17846,18388
Qatar,0,0,0,0,0,0,0,0,0,0,0,0,0,0,0,0,0,0,0,0,0,0,0,0,0,0,0,0,0,0,0,0,0,0,0,0,0,0,1,3,3,7,8,8,8,8,15,18,24,262,262,320,333,397,435,435,448,456,460,454,461,468,485,496,506,519,544,585,641,717,762,874,979,1213,1477,1697,1901,2026,2164,2279,2475,2697,2890,3048,3298,3681,4192,4490
Romania,0,0,0,0,0,0,0,0,0,0,0,0,0,0,0,0,0,0,0,0,0,0,0,0,0,0,0,0,0,0,0,0,0,0,0,1,1,3,3,3,3,3,3,5,8,6,12,12,22,39,43,82,114,122,149,168,241,252,283,315,366,505,704,803,912,1151,1276,1566,1835,1943,2116,2356,2767,3138,3339,3475,3760,4013,4307,4468,4941,5132,5388,5477,5627,5958,6148,6267
Russia,0,0,0,0,0,0,0,0,0,2,2,2,2,2,2,2,2,2,2,2,2,0,0,0,0,0,0,0,0,0,0,0,0,0,0,0,0,0,0,0,1,1,1,2,11,11,14,14,17,17,25,42,51,55,82,106,139,189,243,293,350,421,472,626,799,987,1211,1462,1761,2199,2563,3283,3834,4355,4989,5890,6945,8029,9357,11028,12433,14349,16710,19238,22306,25402,29145,33423
Rwanda,0,0,0,0,0,0,0,0,0,0,0,0,0,0,0,0,0,0,0,0,0,0,0,0,0,0,0,0,0,0,0,0,0,0,0,0,0,0,0,0,0,0,0,0,0,0,0,0,0,0,0,0,1,1,5,7,8,8,17,17,19,36,40,41,50,54,60,70,70,75,82,84,89,102,100,101,98,103,103,111,102,101,85,85,82,78,78,75
Saint Kitts and Nevis,0,0,0,0,0,0,0,0,0,0,0,0,0,0,0,0,0,0,0,0,0,0,0,0,0,0,0,0,0,0,0,0,0,0,0,0,0,0,0,0,0,0,0,0,0,0,0,0,0,0,0,0,0,0,0,0,0,0,0,0,0,0,0,2,2,2,2,2,7,8,8,9,9,9,10,10,11,11,11,12,12,12,12,14,14,14,14,14
Saint Lucia,0,0,0,0,0,0,0,0,0,0,0,0,0,0,0,0,0,0,0,0,0,0,0,0,0,0,0,0,0,0,0,0,0,0,0,0,0,0,0,0,0,0,0,0,0,0,0,0,0,0,0,0,1,2,2,2,2,2,2,2,2,3,3,3,3,2,2,8,8,12,12,12,12,13,13,13,13,13,13,14,14,11,11,4,4,4,4,4
Saint Vincent and the Grenadines,0,0,0,0,0,0,0,0,0,0,0,0,0,0,0,0,0,0,0,0,0,0,0,0,0,0,0,0,0,0,0,0,0,0,0,0,0,0,0,0,0,0,0,0,0,0,0,0,0,0,0,0,1,1,1,1,1,1,1,1,1,1,1,1,1,1,0,0,0,0,0,1,2,6,6,6,7,7,11,11,11,11,11,11,11,11,11,11
San Marino,0,0,0,0,0,0,0,0,0,0,0,0,0,0,0,0,0,0,0,0,0,0,0,0,0,0,0,0,0,0,0,0,0,0,0,0,1,1,1,1,8,9,15,20,20,22,35,35,49,60,66,75,71,92,98,98,104,104,126,120,151,163,162,183,183,198,196,196,192,197,197,194,194,200,199,199,205,205,250,260,268,268,268,282,283,333,339,356
Sao Tome and Principe,0,0,0,0,0,0,0,0,0,0,0,0,0,0,0,0,0,0,0,0,0,0,0,0,0,0,0,0,0,0,0,0,0,0,0,0,0,0,0,0,0,0,0,0,0,0,0,0,0,0,0,0,0,0,0,0,0,0,0,0,0,0,0,0,0,0,0,0,0,0,0,0,0,0,0,4,4,4,4,4,4,4,4,4,4,4,4,4
Saudi Arabia,0,0,0,0,0,0,0,0,0,0,0,0,0,0,0,0,0,0,0,0,0,0,0,0,0,0,0,0,0,0,0,0,0,0,0,0,0,0,0,0,1,1,1,5,5,5,11,15,19,20,44,85,102,102,116,165,165,268,336,376,495,546,738,869,976,1066,1162,1225,1330,1388,1440,1536,1663,1730,1880,2016,2139,2260,2577,2919,3261,3642,4064,4407,4852,5307,6006,6853
Senegal,0,0,0,0,0,0,0,0,0,0,0,0,0,0,0,0,0,0,0,0,0,0,0,0,0,0,0,0,0,0,0,0,0,0,0,0,0,0,0,0,1,2,4,4,4,4,3,3,3,3,3,9,9,23,22,24,29,29,36,42,62,74,78,90,96,108,112,115,135,135,144,139,140,145,138,132,130,129,125,126,124,107,111,114,122,139,142,136
Serbia,0,0,0,0,0,0,0,0,0,0,0,0,0,0,0,0,0,0,0,0,0,0,0,0,0,0,0,0,0,0,0,0,0,0,0,0,0,0,0,0,0,0,0,0,1,1,1,1,5,12,19,35,46,48,54,64,82,102,133,169,219,245,285,365,383,456,649,728,769,884,1032,1140,1437,1580,1857,2142,2386,2601,2801,3034,3306,3550,3969,4371,4774,5215,5046,5240
Seychelles,0,0,0,0,0,0,0,0,0,0,0,0,0,0,0,0,0,0,0,0,0,0,0,0,0,0,0,0,0,0,0,0,0,0,0,0,0,0,0,0,0,0,0,0,0,0,0,0,0,0,0,0,2,2,3,4,4,6,7,7,7,7,7,7,7,7,8,8,8,10,10,10,10,10,10,11,11,11,11,11,11,11,11,11,11,11,6,6
Sierra Leone,0,0,0,0,0,0,0,0,0,0,0,0,0,0,0,0,0,0,0,0,0,0,0,0,0,0,0,0,0,0,0,0,0,0,0,0,0,0,0,0,0,0,0,0,0,0,0,0,0,0,0,0,0,0,0,0,0,0,0,0,0,0,0,0,0,0,0,0,0,1,2,2,2,4,6,6,6,7,7,8,8,10,10,11,13,15,26,30
Singapore,0,1,3,3,4,5,7,7,10,13,16,18,18,24,28,28,30,31,38,43,38,35,43,50,54,57,53,52,50,50,48,48,38,38,38,31,31,31,30,34,30,32,32,39,52,60,72,72,82,82,82,103,107,121,134,152,199,231,261,290,309,363,400,469,509,547,602,629,648,683,752,779,827,886,983,1025,1098,1211,1444,1609,1763,1964,2323,2631,3037,3734,4331,5241
Slovakia,0,0,0,0,0,0,0,0,0,0,0,0,0,0,0,0,0,0,0,0,0,0,0,0,0,0,0,0,0,0,0,0,0,0,0,0,0,0,0,0,0,0,0,0,1,1,3,3,7,10,16,32,44,54,63,72,104,122,136,177,178,179,197,209,224,267,290,312,329,360,396,420,439,460,474,524,566,664,676,690,703,717,660,720,706,802,865,865
Slovenia,0,0,0,0,0,0,0,0,0,0,0,0,0,0,0,0,0,0,0,0,0,0,0,0,0,0,0,0,0,0,0,0,0,0,0,0,0,0,0,0,0,0,0,2,7,7,16,16,31,57,89,141,180,218,252,274,274,285,340,382,412,439,476,513,546,613,665,709,735,777,816,810,844,876,890,889,921,931,953,978,990,1002,1005,1012,1022,1033,1064,1057
Somalia,0,0,0,0,0,0,0,0,0,0,0,0,0,0,0,0,0,0,0,0,0,0,0,0,0,0,0,0,0,0,0,0,0,0,0,0,0,0,0,0,0,0,0,0,0,0,0,0,0,0,0,0,0,0,1,1,1,1,1,1,1,1,1,1,2,3,3,3,3,4,4,4,6,6,6,6,7,10,10,19,19,22,56,56,73,73,108,126
South Africa,0,0,0,0,0,0,0,0,0,0,0,0,0,0,0,0,0,0,0,0,0,0,0,0,0,0,0,0,0,0,0,0,0,0,0,0,0,0,0,0,0,0,0,1,1,1,3,3,7,13,17,24,38,51,62,62,116,150,202,240,274,402,550,697,915,1138,1155,1247,1292,1317,1325,1407,1401,1481,1549,1579,1641,1732,1821,1569,1593,1738,1835,1978,2062,1654,1830,2079
South Sudan,0,0,0,0,0,0,0,0,0,0,0,0,0,0,0,0,0,0,0,0,0,0,0,0,0,0,0,0,0,0,0,0,0,0,0,0,0,0,0,0,0,0,0,0,0,0,0,0,0,0,0,0,0,0,0,0,0,0,0,0,0,0,0,0,0,0,0,0,0,0,0,0,0,0,1,1,2,2,3,4,4,4,4,4,4,4,4,4
Spain,0,0,0,0,0,0,0,0,0,0,1,1,1,1,1,1,1,1,2,2,2,2,2,2,0,0,0,0,0,0,0,0,0,0,4,11,13,30,43,82,118,162,218,254,393,460,626,1013,1628,2040,2039,4906,5679,6992,9070,10187,12206,16026,17779,21874,24421,30250,33283,40501,46406,51224,54968,58598,63460,68200,72084,74974,77488,80002,80925,82897,84689,85407,85610,86524,87312,87231,87616,86981,88083,90836,96040,96886
Sri Lanka,0,0,0,0,0,1,1,1,1,1,1,1,1,1,1,1,1,0,0,0,0,0,0,0,0,0,0,0,0,0,0,0,0,0,0,0,0,0,0,0,0,0,0,0,0,0,0,0,0,1,1,5,9,17,27,43,50,57,70,76,79,94,100,99,99,99,103,105,105,124,122,126,131,134,138,135,137,138,134,129,137,147,154,165,168,163,160,161
Sudan,0,0,0,0,0,0,0,0,0,0,0,0,0,0,0,0,0,0,0,0,0,0,0,0,0,0,0,0,0,0,0,0,0,0,0,0,0,0,0,0,0,0,0,0,0,0,0,0,0,0,0,0,0,0,0,0,1,1,1,1,1,1,2,2,2,2,4,5,4,4,3,4,6,6,8,8,10,10,11,13,15,15,21,23,23,23,23,50
Suriname,0,0,0,0,0,0,0,0,0,0,0,0,0,0,0,0,0,0,0,0,0,0,0,0,0,0,0,0,0,0,0,0,0,0,0,0,0,0,0,0,0,0,0,0,0,0,0,0,0,0,0,0,1,1,1,1,1,1,4,4,5,5,7,8,8,8,8,8,8,9,10,10,9,9,9,9,9,6,5,5,5,5,3,3,3,3,3,3
Sweden,0,0,0,0,0,0,0,0,0,1,1,1,1,1,1,1,1,1,1,1,1,1,1,1,1,1,1,1,1,1,1,1,1,1,1,2,7,7,12,14,15,21,35,94,101,161,203,247,354,498,597,812,958,1018,1096,1182,1268,1412,1607,1727,1897,2005,2234,2448,2747,2948,3326,3574,3866,4239,4605,5157,5568,5865,6224,6524,6897,7527,8143,8434,8883,9203,9648,10031,10343,10657,11266,11761
Switzerland,0,0,0,0,0,0,0,0,0,0,0,0,0,0,0,0,0,0,0,0,0,0,0,0,0,0,0,0,0,0,0,0,0,0,1,1,8,8,18,27,42,54,87,110,210,264,332,369,485,644,644,1124,1342,2182,2182,2669,2985,4019,5225,6485,7245,8544,9624,10613,11489,11167,12282,12934,13740,14349,14313,14278,14169,13424,13970,12836,12728,12585,12503,12449,11971,11609,10850,11062,9697,9551,9351,8936
Syria,0,0,0,0,0,0,0,0,0,0,0,0,0,0,0,0,0,0,0,0,0,0,0,0,0,0,0,0,0,0,0,0,0,0,0,0,0,0,0,0,0,0,0,0,0,0,0,0,0,0,0,0,0,0,0,0,0,0,0,0,1,1,1,5,5,5,5,8,8,8,8,14,14,12,15,15,14,13,13,13,18,18,18,22,26,26,31,31
Taiwan*,1,1,3,3,4,5,8,8,9,10,10,10,10,11,11,15,15,16,17,17,17,17,17,16,16,17,19,19,20,21,23,23,25,24,25,26,26,27,29,30,28,29,29,31,32,32,31,29,29,30,28,29,32,38,46,54,77,81,107,123,139,165,184,204,221,236,251,266,262,278,285,289,293,300,308,311,314,313,308,285,280,273,278,263,265,234,223,214
Tanzania,0,0,0,0,0,0,0,0,0,0,0,0,0,0,0,0,0,0,0,0,0,0,0,0,0,0,0,0,0,0,0,0,0,0,0,0,0,0,0,0,0,0,0,0,0,0,0,0,0,0,0,0,0,0,1,1,3,6,6,6,12,12,12,12,13,12,13,13,18,17,18,17,16,16,18,20,18,19,19,24,24,24,39,43,73,79,131,131
Thailand,2,3,5,7,6,6,9,9,9,14,14,14,14,20,20,20,20,22,22,22,23,23,21,21,21,20,20,20,20,20,18,18,14,14,15,18,18,13,14,13,11,11,11,15,16,18,18,18,19,24,35,39,46,78,111,135,169,229,279,368,554,676,771,860,953,1034,1142,1284,1286,1299,1254,1355,1347,1373,1353,1401,1343,1451,1451,1427,1348,1295,1251,1167,1103,1033,964,899
Timor-Leste,0,0,0,0,0,0,0,0,0,0,0,0,0,0,0,0,0,0,0,0,0,0,0,0,0,0,0,0,0,0,0,0,0,0,0,0,0,0,0,0,0,0,0,0,0,0,0,0,0,0,0,0,0,0,0,0,0,0,0,0,1,1,1,1,1,1,1,1,1,1,1,1,1,1,1,1,1,1,1,1,1,1,3,5,7,17,17,17
Togo,0,0,0,0,0,0,0,0,0,0,0,0,0,0,0,0,0,0,0,0,0,0,0,0,0,0,0,0,0,0,0,0,0,0,0,0,0,0,0,0,0,0,0,0,1,1,1,1,1,1,1,1,1,1,1,1,1,1,8,15,15,17,19,22,22,23,23,23,28,23,24,20,20,21,21,32,39,44,46,48,48,44,45,42,43,31,30,30
Trinidad and Tobago,0,0,0,0,0,0,0,0,0,0,0,0,0,0,0,0,0,0,0,0,0,0,0,0,0,0,0,0,0,0,0,0,0,0,0,0,0,0,0,0,0,0,0,0,0,0,0,0,0,0,0,0,2,2,4,5,7,9,9,48,49,50,57,59,64,63,70,74,78,83,84,88,91,96,96,96,98,98,100,100,92,89,89,88,87,86,86,85
Tunisia,0,0,0,0,0,0,0,0,0,0,0,0,0,0,0,0,0,0,0,0,0,0,0,0,0,0,0,0,0,0,0,0,0,0,0,0,0,0,0,0,0,0,1,1,1,1,2,2,5,7,7,16,18,18,20,24,29,38,53,59,71,85,109,166,189,219,268,302,301,381,406,436,472,530,547,569,575,579,593,621,614,633,649,670,702,742,784,784
Turkey,0,0,0,0,0,0,0,0,0,0,0,0,0,0,0,0,0,0,0,0,0,0,0,0,0,0,0,0,0,0,0,0,0,0,0,0,0,0,0,0,0,0,0,0,0,0,0,0,0,1,1,5,5,6,18,46,97,189,355,661,1206,1492,1828,2348,3528,5564,7224,8981,10497,13074,15069,17364,20012,22647,25453,28242,31802,35568,39232,43600,48101,52312,55796,58909,62200,65461,68146,69986
US,1,1,2,2,5,5,5,5,5,7,8,8,11,11,11,11,11,11,8,8,9,9,10,10,10,10,10,10,10,10,10,10,10,46,45,51,52,53,60,66,85,104,131,198,241,378,490,554,923,1237,1611,2120,2661,3424,4530,6296,7560,13426,18882,25117,32681,43108,52682,64475,81946,99207,118367,135777,153209,177275,200141,228835,258792,285794,310005,336303,362948,390798,420826,449159,474664,500306,513609,534076,555929,580182,604388,628693
Uganda,0,0,0,0,0,0,0,0,0,0,0,0,0,0,0,0,0,0,0,0,0,0,0,0,0,0,0,0,0,0,0,0,0,0,0,0,0,0,0,0,0,0,0,0,0,0,0,0,0,0,0,0,0,0,0,0,0,0,0,1,1,9,9,14,14,23,30,33,33,44,44,45,48,48,52,52,52,53,53,53,49,50,47,47,43,35,36,33
Ukraine,0,0,0,0,0,0,0,0,0,0,0,0,0,0,0,0,0,0,0,0,0,0,0,0,0,0,0,0,0,0,0,0,0,0,0,0,0,0,0,0,0,1,1,1,1,1,1,1,1,1,1,2,2,2,6,12,12,14,26,43,69,69,93,139,190,300,342,459,527,618,761,856,1023,1168,1243,1253,1389,1581,1790,2073,2359,2605,2912,3155,3513,3859,4291,4698
United Arab Emirates,0,0,0,0,0,0,0,4,4,4,4,5,5,5,5,5,5,7,7,8,8,7,7,7,5,5,5,5,5,5,5,9,9,9,9,9,9,14,16,16,16,22,22,24,24,38,38,38,62,57,68,68,68,75,75,75,87,109,107,113,113,158,201,279,279,351,414,509,545,597,745,920,1147,1370,1645,1898,2161,2408,2708,2926,3128,3421,3644,3972,4298,4695,5077,5077
United Kingdom,0,0,0,0,0,0,0,0,0,2,2,2,2,2,2,2,3,3,3,8,8,8,8,8,8,1,1,1,1,1,1,1,1,5,5,5,7,12,15,28,32,43,78,107,154,187,253,300,359,432,432,775,1104,1105,1474,1851,2503,2511,3769,4766,5396,6323,7601,9034,11082,13833,16140,18398,20871,23509,27329,31055,34870,37942,43264,46607,49453,54018,57520,65043,69360,73951,77919,82393,86221,90011,94768,99402
Uruguay,0,0,0,0,0,0,0,0,0,0,0,0,0,0,0,0,0,0,0,0,0,0,0,0,0,0,0,0,0,0,0,0,0,0,0,0,0,0,0,0,0,0,0,0,0,0,0,0,0,0,0,0,4,4,8,29,50,79,94,110,158,162,162,189,217,238,274,303,309,296,295,284,297,302,302,296,267,267,257,260,273,242,241,227,224,207,207,205
Uzbekistan,0,0,0,0,0,0,0,0,0,0,0,0,0,0,0,0,0,0,0,0,0,0,0,0,0,0,0,0,0,0,0,0,0,0,0,0,0,0,0,0,0,0,0,0,0,0,0,0,0,0,0,0,0,1,6,10,15,23,33,43,43,46,50,60,75,82,97,135,140,163,167,178,200,239,310,425,488,512,541,579,721,795,909,1062,1191,1216,1245,1291
Venezuela,0,0,0,0,0,0,0,0,0,0,0,0,0,0,0,0,0,0,0,0,0,0,0,0,0,0,0,0,0,0,0,0,0,0,0,0,0,0,0,0,0,0,0,0,0,0,0,0,0,0,0,0,2,10,17,33,36,42,42,70,55,62,69,76,92,75,78,78,93,93,99,98,94,96,100,93,93,93,78,78,73,79,70,70,77,84,84,105
Vietnam,0,2,2,2,2,2,2,2,2,2,5,5,7,7,7,9,9,12,12,13,9,9,9,9,9,9,9,9,9,9,2,2,2,2,0,0,0,0,0,0,0,0,0,0,0,2,14,14,15,22,23,31,37,40,45,50,59,69,75,77,96,106,117,124,133,143,153,163,148,154,155,158,152,150,151,150,126,125,127,113,114,118,119,97,96,91,70,67
West Bank and Gaza,0,0,0,0,0,0,0,0,0,0,0,0,0,0,0,0,0,0,0,0,0,0,0,0,0,0,0,0,0,0,0,0,0,0,0,0,0,0,0,0,0,0,0,4,7,16,16,19,26,30,30,31,35,38,38,39,41,44,30,31,35,42,42,42,66,73,79,90,97,100,115,142,172,195,211,229,218,218,218,220,209,230,248,244,309,309,331,347
Western Sahara,0,0,0,0,0,0,0,0,0,0,0,0,0,0,0,0,0,0,0,0,0,0,0,0,0,0,0,0,0,0,0,0,0,0,0,0,0,0,0,0,0,0,0,0,0,0,0,0,0,0,0,0,0,0,0,0,0,0,0,0,0,0,0,0,0,0,0,0,0,0,0,0,0,0,4,4,4,4,4,4,4,6,6,6,6,6,6,6
Yemen,0,0,0,0,0,0,0,0,0,0,0,0,0,0,0,0,0,0,0,0,0,0,0,0,0,0,0,0,0,0,0,0,0,0,0,0,0,0,0,0,0,0,0,0,0,0,0,0,0,0,0,0,0,0,0,0,0,0,0,0,0,0,0,0,0,0,0,0,0,0,0,0,0,0,0,0,0,0,0,1,1,1,1,1,1,1,1,1
Zambia,0,0,0,0,0,0,0,0,0,0,0,0,0,0,0,0,0,0,0,0,0,0,0,0,0,0,0,0,0,0,0,0,0,0,0,0,0,0,0,0,0,0,0,0,0,0,0,0,0,0,0,0,0,0,0,0,2,2,2,2,3,3,3,12,16,22,28,29,35,35,36,38,36,36,35,33,31,31,14,13,10,11,13,13,16,16,20,22
Zimbabwe,0,0,0,0,0,0,0,0,0,0,0,0,0,0,0,0,0,0,0,0,0,0,0,0,0,0,0,0,0,0,0,0,0,0,0,0,0,0,0,0,0,0,0,0,0,0,0,0,0,0,0,0,0,0,0,0,0,0,1,3,3,2,2,2,2,4,6,6,6,7,7,8,8,8,8,9,9,8,8,10,11,11,14,14,19,19,19,20
